{"cameraMode":{"drawMode":0,"name":"Shaded","section":"Shading Mode"},"sceneLighting":true,"audioPlay":false,"sceneViewState":{"m_AlwaysRefresh":false,"showFog":true,"showSkybox":true,"showFlares":true,"showImageEffects":true,"showParticleSystems":true,"showVisualEffectGraphs":true,"m_FxEnabled":true},"in2DMode":false,"pivot":{"x":513.9763793945313,"y":288.8667907714844,"z":43.948692321777347},"rotation":{"x":-0.0033095793332904579,"y":-0.0054025109857320789,"z":0.000018010538042290136,"w":-0.9999805092811585},"size":314.25994873046877,"orthographic":false}