{"cameraMode":{"drawMode":0,"name":"Shaded","section":"Shading Mode"},"sceneLighting":true,"audioPlay":false,"sceneViewState":{"m_AlwaysRefresh":false,"showFog":true,"showSkybox":true,"showFlares":true,"showImageEffects":true,"showParticleSystems":true,"showVisualEffectGraphs":true,"m_FxEnabled":true},"in2DMode":false,"pivot":{"x":476.048095703125,"y":282.6292724609375,"z":-4.447418212890625},"rotation":{"x":-0.030305014923214914,"y":-0.0009021176374517381,"z":0.000027473462978377938,"w":-0.9995409250259399},"size":279.30560302734377,"orthographic":false}